"Name","Value","Type","Year"
"1235",123251,"Expense",2024
"1235",123251,"Expense",2025
"1235",123251,"Expense",2026
"1235",123251,"Expense",2027
"1235",123251,"Expense",2028
"1235",123251,"Expense",2029
"1235",123251,"Expense",2030
"1235",123251,"Expense",2031
"1235",123251,"Expense",2032
"1235",123251,"Expense",2033
"1235",123251,"Expense",2034
"1235",123251,"Expense",2035
"1235",123251,"Expense",2036
"1235",123251,"Expense",2037
"1235",123251,"Expense",2038
"1235",123251,"Expense",2039
"1235",123251,"Expense",2040
"1235",123251,"Expense",2041
"1235",123251,"Expense",2042
"1235",123251,"Expense",2043
"1235",123251,"Expense",2044
