Row Labels,H1A-N,H1C-N,H2A-N,H2B-N,H2C-N,H2D-N,H3A-N,H3B-N,H3B-N-H,H3C-N,H3C-N-H,H3D-N,H3D-N-H,H4A-N,H4A-N-H,H4B-N,H4C-N,H4C-N-H,H4D-N,HS1A-N,HS1C-N,HS1D-N,HS2A-N,HS2C-N,HS3A-N,HS3B-N,HS3B-N-H,HS3C-N,HS3C-N-H,HS3D-N,HS4B-N,HS4C-N,HS4C-N-H,OS3D-N,OS4B-N,OS4C-N,OS4D-N,S1A-N,S1A-P,S1B-N,S1C-N,S1C-N-H,S1C-P,S2A-N,S2A-N-H,S2A-P,S2B-N,S2B-P,S2C-N,S2C-N-H,S2C-P,S2D-N,S2D-N-H,S2D-P,S3A-N,S3B-N,S3B-N-H,S3C-N,S3C-N-H,S3C-P,S3C-P-H,S3D-N,S3D-N-H,S3D-P,S4B-N,S4C-N,S4C-P,S4D-N,SH1A-N,SH1B-N,SH2A-N,SH2C-N,SH3A-N,SH3B-N,SH3B-N-H,SH3C-N,SH3C-N-H,SH3D-N,SH3D-N-H,SH4C-N
2024,6.165104,2.225492,22.55408,8.939464,5.392864,6.308881,29.81447,29.82299,19.79924,19.65478,15.25039,16.7671,12.33421,29.83054,30.26081,30.6609,27.91074,22.72935,14.73515,1.664981,2.672751,3.739343,13.94791,14.4004,24.1036,25.44911,30.005,19.12526,17.56369,17.55134,41.49644,26.13485,32.74019,12.01109,36.08758,32.87583,24.75873,1.873697,21.05934,3.782855,2.572982,5.226205,1.615162,22.72718,15.26751,26.35219,32.10711,14.995,9.737039,9.3789,11.73185,8.865497,14.05434,12.67914,32.07687,28.42422,23.97867,27.20947,21.56364,24.28144,23.37009,15.92521,15.39564,20.86944,38.80164,33.83604,7.911363,33.88876,12.51325,6.342906,22.33569,10.22352,39.96549,29.90055,24.82476,26.54399,22.62428,21.94303,20.79461,27.49823
2029,7.073799,2.626775,25.08059,11.42341,7.11912,8.163411,31.36121,31.57188,22.26879,21.18221,17.36823,18.18243,13.697,31.5609,32.07979,31.97493,29.44196,24.76174,17.36178,1.951282,3.825285,5.165342,15.56925,15.78479,26.22114,26.80802,31.74995,21.0879,20.23668,19.65842,42.7695,27.03368,33.73392,14.64653,37.71071,35.85392,28.9717,2.367624,24.34297,6.006039,3.084684,5.913106,2.430595,24.64861,18.40107,31.29393,34.32605,19.88635,12.59413,11.2257,15.76639,11.24759,16.07828,15.65486,33.22795,30.86804,25.61249,29.19707,24.59143,28.66862,28.17682,18.90965,17.03722,25.61636,41.35905,35.69693,10.16625,35.44147,14.44842,8.871234,24.22981,11.35333,42.35227,31.89889,26.36664,28.30937,24.03368,22.49801,23.59593,30.53691
2034,8.902249,3.812264,27.88829,15.1254,9.709318,11.87754,33.84748,34.20081,25.90935,23.46261,20.3363,22.31152,16.10239,33.22673,34.56261,34.22694,31.98545,27.33979,20.71075,2.232951,5.348177,6.088759,19.46733,18.49885,29.58725,29.08867,35.08321,24.22386,26.66761,23.41891,45.23592,28.75754,36.82494,18.57238,42.0642,41.68932,35.13591,4.178907,29.42477,8.622803,4.275109,6.831071,3.393034,28.54843,23.34752,39.09087,40.12085,28.15824,17.29321,18.69945,22.3697,15.68457,19.46465,22.71028,35.86432,36.47444,30.24041,34.59981,30.06181,36.47528,37.57794,23.66235,21.63497,33.54713,47.69429,39.15078,19.16841,38.71785,17.65301,11.35051,27.60081,14.01168,47.47255,35.65092,29.64859,32.17295,27.68884,24.02576,27.78257,34.61295
2039,11.49307,4.625719,30.75516,18.72984,13.03537,13.73384,35.95854,36.9216,27.95197,25.81483,22.01133,25.97956,18.40356,35.85753,36.98751,36.0613,34.34472,29.99938,24.66799,3.722397,7.033974,6.308429,21.75886,21.68717,32.98473,31.81758,37.98873,28.35627,32.60262,26.21986,47.25267,30.54111,39.21152,23.87565,45.31831,46.02497,42.97613,10.70204,34.38151,11.99995,6.78562,7.769478,4.484068,31.79653,26.46711,44.92942,46.63054,36.54604,22.69593,26.62381,29.1282,19.53838,22.93586,31.33646,38.36838,39.85347,36.4131,38.5957,33.41764,42.73171,44.47948,29.1867,23.69852,40.55901,51.37322,41.80487,29.73577,41.39304,22.29224,13.36155,30.42315,17.07418,50.60418,38.8274,33.24848,35.77671,31.81851,26.07025,30.47555,36.53524
2044,12.42386,5.992267,34.91087,21.89292,15.10185,16.11167,38.23704,39.53873,30.32292,28.18733,23.87753,29.69136,21.31016,38.26285,40.40743,38.11174,36.86485,32.74302,29.63018,7.772587,8.948702,7.4298,24.2883,25.08558,34.56293,34.86869,41.05905,31.92463,36.08829,28.17423,48.74203,31.92702,41.13894,29.11213,48.00161,50.82293,49.82182,18.99442,36.55852,14.70522,9.538328,8.740768,5.722513,35.22327,30.08674,49.51609,52.73059,41.75348,27.87733,32.26816,36.16337,22.45461,27.79842,38.26119,41.63832,43.08083,41.51584,41.96029,35.70097,46.42015,49.65536,33.57369,27.09276,45.5564,54.95668,44.32565,39.06895,43.76635,28.00366,14.43166,33.18626,19.31472,53.39828,42.09926,36.89629,39.05424,36.40121,28.15803,33.69493,37.88449
2049,14.16043,10.59208,37.69262,27.2627,16.97592,19.07556,41.06533,42.28867,32.59696,30.73522,26.75696,33.96709,24.05439,41.36833,42.47453,39.8093,39.37642,33.26023,33.38026,11.13261,11.04808,7.159183,26.68008,28.78883,36.29913,38.09449,43.70933,35.71505,38.70254,30.40819,49.92806,33.41563,42.62904,33.16642,50.28058,54.58975,53.86159,25.41344,39.67074,16.60542,12.32467,9.740056,7.026978,38.87654,34.46788,54.32941,57.74947,45.66152,30.88328,36.24614,40.62641,26.12367,30.62263,43.98675,43.71798,46.43348,45.30346,46.24935,37.64428,49.28514,54.37379,37.19546,28.27751,49.28545,58.93558,47.21749,47.13381,46.20301,34.94477,16.45395,35.83257,21.13036,55.15826,45.20279,40.82024,42.1254,38.94802,29.51682,36.99443,39.21552
2054,15.02721,14.96976,40.19841,30.3911,19.64828,23.15785,43.74417,44.70743,35.01799,33.51064,30.78408,38.20434,28.03857,45.02192,45.1988,42.35979,41.85951,34.26357,37.34498,14.40142,16.69922,7.108121,28.82396,32.6328,38.00863,42.04333,46.2865,38.58886,41.1442,32.21095,51.39694,35.65133,44.11858,37.73927,51.48077,60.14868,56.24405,34.30823,40.85887,18.82466,16.80009,11.1698,13.28213,42.01098,38.4202,58.06441,62.23935,48.66507,34.93121,39.54879,44.27084,30.71746,33.89861,44.88068,45.25381,49.79881,47.79072,49.94219,39.57296,51.71823,57.41328,40.56371,30.79022,51.8579,62.87455,50.37992,53.22894,49.48627,41.08169,17.05431,38.21191,23.37734,56.43952,47.74381,43.85614,45.26643,43.09861,30.96245,39.15019,41.56342
2059,15.9437,18.74747,42.4645,32.08543,21.59826,26.57794,46.35997,47.37101,37.27478,36.28432,34.56376,42.12859,32.0003,48.73657,47.69215,45.55242,44.60198,35.30682,40.63367,17.96945,20.36791,7.908909,31.98815,35.61432,40.40145,45.27634,48.54573,41.13739,44.91943,33.35215,52.90211,38.53917,44.94226,41.99328,53.61811,66.42165,58.13149,41.91348,41.98017,21.4224,20.6344,12.87969,17.94781,45.15523,41.42997,60.7539,66.4109,51.54728,37.51717,42.54396,47.25678,34.8571,37.97121,45.76088,46.14222,53.15202,48.23406,53.32854,41.91969,53.57886,59.46804,43.60278,33.23838,53.88807,65.53641,53.1427,59.12888,51.87527,47.62502,19.38027,39.90277,24.73146,57.11427,50.91946,46.84861,48.93568,47.08736,32.79165,41.20277,43.09514
2064,16.99008,21.43572,45.12296,33.79787,23.59709,29.61875,49.26868,49.68896,39.60957,38.66529,37.3664,45.79177,35.28047,52.54047,49.86039,47.47968,46.72215,36.82384,44.05565,22.88583,24.30198,7.936356,34.58263,38.66835,42.83778,48.02025,50.43807,43.18929,46.6128,35.56157,55.72738,40.48963,45.65353,47.80022,54.51326,70.17303,59.7785,47.52153,42.83632,24.34322,27.14195,15.31869,24.2751,47.56118,44.47142,62.94708,69.96246,53.60111,40.63015,44.37562,49.57025,39.79298,40.30656,45.93655,46.65926,55.83466,48.25056,56.42338,43.49533,56.01398,61.53467,46.62892,36.57559,55.59705,67.43229,56.68218,67.87763,54.13203,52.50729,23.36228,42.54667,27.59675,58.35807,53.97726,49.69462,51.58663,49.10691,35.09566,42.68039,44.83215
2069,19.35238,23.95633,48.14377,35.7723,26.62031,31.45596,51.31448,51.88623,41.62064,40.79776,39.83539,48.65616,38.4382,54.85225,51.64218,49.42611,48.62262,38.50825,46.70366,28.21464,27.20209,7.962344,36.97662,41.39271,44.38897,50.25532,51.92806,45.08645,48.10846,37.08958,57.7415,42.58111,46.14071,51.89468,55.72956,73.33528,60.81013,55.56273,43.5887,28.40844,31.30799,18.6416,28.72944,49.98925,46.11974,64.97346,73.40115,55.14381,42.27068,46.18228,51.75592,43.38465,43.9124,45.49987,46.77798,58.6068,48.11785,58.72723,44.76592,58.25453,63.18243,49.05172,39.25893,57.03902,69.02898,59.33405,76.62061,55.39271,56.33723,26.6925,45.11539,29.76489,58.56018,56.52323,51.55136,53.66653,50.78029,38.35063,44.19693,46.65867
2074,23.58249,26.44366,51.13213,37.48305,28.67647,33.89462,52.9843,54.10868,44.18292,43.11749,42.4543,50.88266,41.46252,57.17138,54.27599,51.36098,50.89565,40.04987,49.5489,30.7669,29.58224,8.393676,39.27767,43.67423,46.70618,52.47521,53.19799,46.49871,48.88414,39.28284,60.44184,44.74394,47.19118,55.73229,56.91261,75.71789,61.68608,63.17215,44.14793,32.89473,34.54237,22.07413,33.34475,53.14619,47.85971,66.72152,76.11972,56.4459,43.79649,47.41433,53.55494,45.83553,46.58572,45.82476,46.71348,60.87492,47.50064,60.51982,45.4981,60.55342,64.80645,50.74591,41.96147,58.21379,70.04378,61.19424,84.26537,56.84361,59.85692,29.71161,47.64396,31.69046,58.69738,58.57193,53.19872,55.54847,52.11996,41.91581,45.54385,48.38852
2079,28.53205,30.22059,53.53503,38.94276,30.20395,36.04347,54.51839,55.92012,46.67104,45.64021,44.87369,52.80016,44.39073,61.45531,57.04171,53.51827,53.46424,41.77158,52.30335,33.67231,32.25944,8.999176,41.13871,45.61056,48.37138,54.70947,54.75675,48.01904,49.88958,40.23427,60.82261,47.10896,48.15302,58.64839,58.10015,77.78712,62.70646,69.78445,48.00878,37.21551,36.60879,25.89236,37.00528,55.53064,49.68529,68.41955,83.36311,57.75336,45.03874,48.30682,55.39414,48.32305,48.54725,46.13502,46.66761,62.63733,47.12419,61.95745,45.76986,62.60685,66.30685,52.26042,44.75953,59.28259,70.93088,62.78837,91.73884,58.01829,62.88646,31.63118,50.34908,34.33107,59.35434,60.41919,54.58387,57.20124,53.61214,43.90008,46.92899,50.67727
2084,29.72245,33.03178,56.48325,41.5539,32.32773,38.99274,56.52062,57.97938,49.01284,47.87332,47.14802,54.97599,47.03008,62.97317,59.55824,55.40156,55.33215,44.04301,54.5498,35.48351,34.52022,9.456723,43.02594,47.75053,50.21559,56.68118,55.82447,49.49588,50.89869,41.40191,61.93839,49.2768,48.69235,62.3801,58.71318,79.56187,63.43705,75.46372,49.8106,41.06622,38.45829,27.31648,41.42211,57.3159,50.88123,69.68922,90.32682,58.91118,46.49969,49.42416,57.20395,50.53948,50.80576,45.6895,46.42566,63.97696,46.35387,63.1964,45.66718,64.24763,67.70035,53.41101,47.86708,60.66241,72.20634,64.50671,98.73549,59.04642,65.42416,34.91892,52.16521,36.28082,59.94533,62.46825,55.75729,58.8546,54.65047,46.44704,47.97965,51.57262
2089,31.33171,35.32164,58.9716,43.16918,34.21805,42.05057,58.40165,59.94847,51.36462,49.77709,49.64332,56.92172,49.59098,65.68704,62.60195,57.43129,57.59563,46.13087,56.38346,37.38358,36.54993,10.59848,44.88131,49.35561,51.93703,58.6445,56.97322,50.90602,51.34222,42.3227,63.01623,51.30958,49.9133,65.40153,59.84398,81.223,64.10687,80.59909,51.39209,43.70607,40.07621,30.55006,44.7422,58.70867,51.75475,70.92477,96.91073,60.19299,47.64162,50.20144,58.70857,52.59398,52.91618,45.16224,46.00452,65.31592,47.39756,64.38062,45.39786,65.92731,68.8689,54.62551,50.09469,61.69402,72.88229,65.80663,104.9057,59.84886,72.5824,37.19293,53.6418,38.77244,60.02175,64.29782,56.93505,60.48814,55.60841,49.43463,49.37444,54.07217
2094,33.07335,38.14449,61.81884,45.65547,37.64877,44.67102,60.08788,61.92754,53.68517,51.71601,51.89437,58.3653,52.04015,68.03172,65.69329,59.20875,59.56233,47.99601,58.7856,39.02245,38.56052,14.64671,46.33498,51.49327,54.01712,60.4635,58.30261,52.31191,52.31826,43.79358,63.35681,53.56671,50.40748,68.48686,60.66836,82.89191,64.82476,84.50414,52.48122,46.5134,41.93643,32.11168,47.85774,60.01742,52.58157,72.10024,103.2429,61.22662,48.76181,50.95067,60.30912,54.63974,55.4147,44.84486,45.40512,66.60938,45.7502,65.4105,45.25803,67.55479,69.92635,55.74619,52.00058,62.71907,73.48027,67.18444,110.3877,60.61471,79.39675,40.12389,54.95924,40.31765,60.72116,66.13367,57.83828,61.91538,56.59258,52.736,50.63979,55.68882
2099,34.09485,40.98341,64.10058,47.44222,39.43725,47.07412,61.86787,63.42485,55.55061,53.77122,53.97815,59.93164,54.52003,70.4266,68.67392,61.40922,61.95712,50.51549,60.77943,40.93847,40.29266,16.75678,47.68481,53.48455,55.58876,62.33036,59.21253,53.40039,52.61897,45.03382,63.86533,55.61586,51.53959,75.56497,60.65955,84.22203,65.61641,88.13588,53.63821,49.10054,43.53838,33.61961,51.03032,61.24046,53.18049,73.07245,109.269,62.06353,49.81924,51.52761,61.74975,56.73279,57.65579,44.61269,44.75522,67.66781,45.73701,66.25838,45.01421,68.98213,70.81019,56.75933,53.79937,63.64075,73.9597,68.3913,115.3603,61.26421,85.88725,42.22526,56.40994,42.13237,61.70625,67.64826,58.73677,63.0482,57.0725,55.84969,51.85086,56.93563
2104,34.98378,42.61973,66.05065,49.61313,42.97981,49.80898,63.98566,65.37933,57.66968,55.36963,55.88278,61.42112,56.98723,72.44653,70.61884,63.42205,63.66094,52.73305,62.72663,42.43216,42.04375,24.17902,49.06334,55.01907,57.23125,64.10262,60.04705,54.71955,53.17749,45.6562,64.91743,57.4941,52.43694,82.47298,61.38249,90.35084,66.39256,91.15779,55.35711,52.10561,45.16606,35.07339,54.09325,62.25351,53.81806,73.86359,115.1677,62.88442,50.90966,51.82985,62.98445,58.60165,59.88401,44.621,45.53674,68.58062,44.98127,67.02108,45.1756,70.38085,76.23539,57.57464,55.26866,64.41824,74.28848,69.51288,119.8132,61.63828,91.62994,44.46487,58.18466,47.78615,62.28823,69.34611,59.73177,64.38785,58.06308,58.00902,53.12326,58.99895
2109,36.79362,44.52266,68.11417,51.18039,45.0725,52.3242,65.689,67.09731,59.82301,57.33165,58.13935,62.78038,59.1924,74.00941,73.65074,65.55063,65.64845,54.38947,64.1739,43.97826,43.64331,27.98026,50.16814,56.75327,58.55191,65.35435,61.17348,56.1891,53.27831,46.82875,66.00552,59.72178,53.77248,89.28176,62.79456,96.40552,67.25307,93.73385,56.23882,54.80595,46.65326,36.55798,57.04198,63.25762,54.41441,74.50401,120.7385,63.64261,51.89002,52.15054,64.10075,60.38987,62.01528,44.61726,44.79499,69.44698,43.74417,67.69387,45.0845,71.70026,81.61818,58.37397,56.64318,65.10849,74.56921,70.42503,124.7623,62.17801,97.48688,47.15498,59.62953,50.54269,62.10177,70.64958,60.28905,65.58244,58.76501,60.47375,54.46123,59.77332
